Stars that have dubious parallaxes, new distances beyond 10 pc (within 2 sigma) or questioned companionship
----------------------------------------------------------------------------------------------------------------------------------------------------------------------------------------------------------------------------------------------------------------------------------------------------------------------------------------------------------------
Common Name           ;Gl/GJ   ;Variable  ;Cst  ;RA_J2000   De_J2000  ;PMtot ;PosAng ;TrigPar  ;Error  ;Spect. Type  ;AparMag    ;P/D;Comments
Lacaille 9352 B?      ;        ;          ;PsA  ;23 05 52.0 -35 51 11 ; 6.90 ; 78.9  ; 305.08  ; 0.70  ; M 3.5 V     ; 5.34  H   ;   ;H = 3.61, Delta_H = 1.21, sep = 0.07sec, Mass = 0.25 (Ward-Duong+, 2015), ST derived from mass (using RECONS)
BD+5 1668 B?          ;        ;          ;CMi  ;07 27 24.5 +05 13 33 ; 3.74 ; 171.2 ; 266.24  ; 0.67  ; M 4.5 V     ; 6.64  H   ;   ;There is no 2nd epoch detection, but instead a non-detection of a backgr obj. H = 5.22, Delta_H = 1.07, sep = 0.17sec, Mass = 0.14 (Ward-Duong+, 2015), ST derived from mass (using RECONS)
Wolf 1061 B           ;        ;          ;Oph  ;16 30 18.1 -12 39 45 ; 1.19 ; 184.5 ; 232.213 ; 0.063 ; M 5   V     ; 11.7  V   ;   ;Real? Recheck
UPM 0429+3806 AB      ;        ;          ;Per  ;04 29 25.7 +38 06 09 ;      ;       ; 227     ; 19    ;             ; 15.46 V   ;   ;GDR2 Pi < 1 mas, B-V= 1.11 (AAVSO) is too blue for a mid-M dwarf
UPM 2340+4625 (Aab)   ;        ;          ;And  ;23 40 07.6 +46 25 08 ;      ;       ; 206     ; 17    ;             ; 14.03 V   ;   ;GDR2 Pi < 1 mas, B-V= 1.08 (XPM) is too blue for a mid-M dwarf, cpm with UPM 2340+4631
UPM 2340+4631 (Bab)   ;        ;          ;And  ;23 40 20.1 +46 31 11 ;      ;       ; 178     ; 24    ;             ; 14.11 J   ;   ;GDR2 Pi < 1 mas, cpm with UPM 2340+4625
UPM 0416+3100 AB      ;        ;          ;Per  ;04 16 33.0 +31 00 02 ;      ;       ; 176     ; 18    ;             ; 14.73 V   ;   ;GDR2 Pi < 2 mas
2MASS J1845-1409 A    ;        ;          ;Sct  ;18 45 01.0 -14 09 05 ; 0.12 ; 147.4 ; 167     ; 71    ; M 5   V     ; 12.95 V   ;   ;Malo et al. (2013) puts it at 16 +- 2 pc, GDR2 Pi= 55.0444 +-0.0927
2MASS J1845-1409 B    ;        ;          ;Sct  ;18 45 01.0 -14 09 04 ; 0.12 ; 147.4 ; 167     ; 71    ; M 5   V     ; 13.0  V   ;   ;Malo et al. (2013) puts it at 16 +- 2 pc, GDR2 Pi= 54.9657 +-0.0924
L 449-1 AB            ;        ;          ;Col  ;05 17 22.9 -35 21 54 ; 0.28 ; 233.1 ; 164     ; 34    ; M 4   V     ; 11.65 V   ;   ;84.38 +- 1.35 from TSN XXXIII
HD 29271              ;        ;          ;Tau  ;04 37 10.6 +15 56 15 ; 0.17 ; 146.0 ; 164     ; 31    ; M 1   V     ; 8.35  V   ;   ;GAIA par: 1.90 +- 0.30 mas
L 144-179 (A)         ;        ;          ;Mus  ;11 44 13.2 -65 16 07 ; 0.33 ; 232.0 ; 162     ; 49    ; M 4   V     ; 12.18 V   ;   ;NLTT 28394, GDR2 Pi= 24.28+-0.11
L 144-180 (B)         ;        ;          ;Mus  ;11 44 12.9 -65 15 57 ; 0.33 ; 232.0 ; 162     ; 49    ; M 4   V     ; 13.09 V   ;   ;NLTT 28395, GDR2 Pi= 23.814+-0.039
G 180-60              ;3959    ;          ;Her  ;16 31 18.4 +40 51 54 ; 0.36 ; 330.0 ; 155.0   ; 4.0   ; M 5   V     ; 14.76 V   ;   ;GDR2 Pi= 88.860 +-0.077
UPM 0012+5215 AB      ;        ;          ;Cas  ;00 12 47.2 +52 15 46 ;      ;       ; 154     ; 17    ;             ; 14.37 J   ;   ;GDR2 Pi < 1 mas
L 43-72 AB            ;        ;          ;Aps  ;18 11 15.3 -78 59 23 ; 0.29 ; 18.8  ; 152     ; 34    ; M 4.5 V     ; 12.47 V   ;   ;Pi= 82.3+-3.7 (2016AJ....152...24W)
CD-36 14261           ;        ;DH Mic    ;Mic  ;20 36 08.3 -36 07 12 ; 0.04 ; 15.8  ; 143     ; 62    ; M 4.5 V     ; 11.56 V   ;   ;TSN XXXIII par: 62.13 +- 1.40
2MASS J0443+0002      ;        ;          ;Eri  ;04 43 37.6 +00 02 05 ; 0.16 ; 146.2 ; 143     ; 12    ; M 9.5 V     ; 19.6  V   ;   ;GDR2 Pi = 47.41 +-0.19, V= 20.80 in Skiff, plx= 65.4mas in Berger+ 2006, 47.4 +- 1.0 (Hawaii II), M 9 in three references, very young BD, BetaPic member, M9 gamma, L0, M7.7, L0 VL-G, M9.9, d=20.5+-3pc (Gagne+ 2015)
TYC 3576-1996-1       ;        ;          ;Cyg  ;20 15 02.6 +47 48 31 ;      ;       ; 142     ; 19    ;             ; 9.91  V   ;   ;Uncertain parallax, IRAS 20135+4739, B-V of 1.92! GAIA par 0.27 +- 0.44
UPM 1945+2836         ;        ;          ;Vul  ;19 45 24.3 +28 36 56 ;      ;       ; 141     ; 11    ;             ; 14.73 V   ;   ;GDR2 pi < 1 mas, wrong colors: from B-V it's a F6 star, from V-Ks it's a M9.5 one, neither is compatible with the expected color of an early to mid M dwarf
ULAS J0954+0623       ;        ;          ;Sex  ;09 54 29.9 +06 23 10 ; 0.65 ; 229.6 ; 136     ; 28    ; T 5.5 V     ; 16.59 J   ;   ;Distances in VizieR 20.3, 25.19 pc
UPM 0429+3001 AB      ;        ;          ;Tau  ;04 29 28.5 +30 01 56 ;      ;       ; 135     ; 25    ;             ; 13.06 J   ;   ;GDR2 Pi < 1 mas
UPM 0011+5231 AB      ;        ;          ;Cas  ;00 11 41.0 +52 31 42 ;      ;       ; 134     ; 11    ;             ; 13.26 J   ;   ;GDR2 Pi < 1 mas
BPS CS 31060-0015 AB  ;        ;          ;Cet  ;00 15 58.1 -16 36 58 ; 0.12 ; 282.1 ; 133     ; 20    ; M 4   V     ; 13.18 V   ;   ;Pi = 55.7 +- 1.3 from 2012ApJ...758...56S
UPM 0001+5425 AB      ;        ;          ;Cas  ;00 01 25.3 +54 25 16 ;      ;       ; 133     ; 15    ;             ; 15.89 V   ;   ;GDR2 Pi < 1 mas
PM I1223+2215         ;        ;          ;Com  ;12 23 43.5 +22 15 17 ; 0.11 ; 208.7 ; 128     ; 38    ; M 8   V     ; 16.58 V   ;   ;LAMOST: K 7 star, V = 12.36 (UCAC4), GDR2 Pi= 10.28 +-0.12
UPM 0013+7812 AB      ;        ;          ;Cep  ;00 13 19.9 +78 12 02 ;      ;       ; 127     ; 21    ;             ; 15.84 V   ;   ;GDR2 Pi ~ 1 mas
2MASS J0524-1601 A    ;        ;          ;Lep  ;05 24 19.2 -16 01 15 ; 0.02 ; 152.6 ; 125     ; 55    ; M 4.5 V     ; 13.57 V c ;   ;Avg of dists in lit: 22.0 +-8.8 pc
2MASS J0524-1601 B    ;        ;          ;Lep  ;05 24 19.2 -16 01 15 ; 0.02 ; 152.6 ; 125     ; 55    ; M 5   V     ; 13.57 V c ;   ;Avg of dists in lit: 22.0 +-8.8 pc
NLTT 23956 (A)        ;        ;          ;Hya  ;10 18 13.9 -20 28 41 ; 0.41 ; 286.2 ; 125     ; 55    ; M 4.5 V     ; 13.91 V   ;   ;GDR2 Pi= 39.484+-0.087, LP 790-2 A, Rmag= 13.17
NLTT 23954 (B)        ;        ;          ;Hya  ;10 18 12.3 -20 28 22 ; 0.40 ; 286.5 ; 125     ; 55    ; M 5   V     ; 14.67 R   ;   ;GDR2 Pi= 39.311+-0.077, LP 790-2 B
UPM 2354+4741 AB      ;        ;          ;And  ;23 54 00.5 +47 41 39 ;      ;       ; 125     ; 16    ;             ; 15.42 V   ;   ;GDR2 Pi < 1 mas
UPM 0018+4934 AB      ;        ;          ;Cas  ;00 18 35.4 +49 34 42 ;      ;       ; 125     ; 11    ;             ; 14.11 V   ;   ;GDR2 Pi ~ 1 mas
CD-43 9546 A          ;        ;          ;Lup  ;15 01 16.5 -43 39 31 ; 0.10 ; 74.6  ; 123     ; 29    ; M 3   V     ; 11.5  V   ;   ;Pms, SB2, dV= 0.1 mag (Torres+ 2006). GAIA par: 71.48 +- 0.81
CD-43 9546 B          ;        ;          ;Lup  ;15 01 16.5 -43 39 31 ; 0.10 ; 74.6  ; 123     ; 29    ; M 3   V     ; 11.6  V   ;   ;Pms, SB2, dV= 0.1 mag (Torres+ 2006). GAIA par: 71.48 +- 0.81
L 18-22               ;        ;          ;Cha  ;12 20 33.8 -82 25 58 ; 0.27 ; 4.5   ; 122     ; 17    ; M 4   V     ; 11.96 V   ;   ;New par= 79.7 +-2.6
UPM 0004+5442 AB      ;        ;          ;Cas  ;00 04 51.2 +54 42 13 ;      ;       ; 121     ; 16    ;             ; 14.22 J   ;   ;Uncertain parallax, no GDR2 pi
2MASS J1746+2748 (C?) ;        ;          ;Her  ;17 46 29.4 +27 48 32 ; 0.04 ; 323.1 ; 120.32  ; 0.16  ; M 5   V     ; 12.56 V   ;   ;Seems to be unrelated to Mu Her. GDR2 Pi= 3.589 +-0.022
LP 467-16 A           ;3076    ;          ;Psc  ;01 11 25.9 +15 26 19 ; 0.22 ; 125.0 ; 120     ; 15    ; M 5   V c   ; 14.76 V   ;   ;Binary, WDS 0.3sec (WDS, Astra-lux), TSN XXXIII par: 45.79 +- 1.78
LP 467-16 B           ;3076    ;          ;Psc  ;01 11 25.9 +15 26 19 ; 0.22 ; 125.0 ; 120     ; 15    ; M 5   V c   ; 16.00 V   ;   ;Delta_K= 0.69, TSN XXXIII par: 45.79 +- 1.78
L 489-43              ;        ;          ;CrA  ;18 52 25.3 -37 30 36 ; 0.36 ; 92.6  ; 118     ; 31    ; M 4.5 V     ; 12.77 V   ;   ;GDR2 Pi= 64.745+-0.086, 1RXS J185225.7-373032, 2MASS J18522528-3730363
2MASS J1625-2508      ;        ;          ;Sco  ;16 25 49.5 -25 08 18 ; 0.15 ; 272.1 ; 116     ; 39    ; L 6   V     ; 13.74 J   ;   ;GDR2 Pi= 21.62+-0.24
2MASS J1647+5632      ;        ;          ;Dra  ;16 47 15.8 +56 32 06 ;      ;       ; 116     ; 29    ; L 7   V     ; 16.59 J   ;   ;More than one fainter in J than expected for a L 7 dwarf at 10 pc, Kirkp11 puts it at 20.2 pc
TYC 777-141-1 A       ;        ;          ;Gem  ;07 34 56.3 +14 45 54 ; 0.13 ; 214.2 ; 115     ; 22    ; M 3.5 V     ; 11.15 V c ;   ;D= 8.70 +-1.59, URAT par: 70.6 +- 7.7, Gaia DR2: 61.7951 0.1527
TYC 777-141-1 B       ;        ;          ;Gem  ;07 34 56.3 +14 45 54 ; 0.13 ; 214.2 ; 115     ; 22    ; M 4.5 V     ; 11.15 V c ;   ;A= 9.19I, B= 9.95I, URAT par: 70.6 +- 7.7, Gaia DR2: 61.7951 0.1527
2MASS J0436-4114      ;        ;          ;Cae  ;04 36 27.9 -41 14 47 ; 0.07 ; 74.3  ; 114.6   ; 8.2   ; M 7.5 V     ; 16.04 I   ;   ;GDR2 Pi= 25.30 +-0.12, ST has beta flag
Wolf 1473 Aab         ;        ;          ;Oph  ;17 46 29.3 -08 42 36 ; 0.43 ; 185.1 ; 114     ; 17    ; M 3.5 V     ; 12.77 V   ;   ;GDR2 Pi= 76.586+-0.083 LTT 7077, Rotationally variable Star, spectroscopic binary
PG 1126+186 AB        ;3667    ;          ;Leo  ;11 29 18.0 +18 16 46 ; 0.02 ; 227.6 ; 114     ; 13    ; DC 8    c   ; 14.1  V c ;   ;GDR2 Pi= 0.748+-0.036 Composite spectrum?
LSPM J1731+2721       ;        ;          ;Her  ;17 31 29.8 +27 21 23 ; 0.25 ; 198.9 ; 113.8   ; 7.0   ; L 0   V     ; 18.95 V   ;   ;Pi= 83.75 +-0.12
van Biesbr. 1 (C?)    ;        ;          ;Lep  ;05 45 43.2 -22 20 04 ; 0.63 ; 205.3 ; 112.04  ; 0.18  ; M 3.5 V     ; 15.20 V   ;   ;LHS 1781, Assoc to Gl 216 is very unlikely. ST from Carmenes plus V from UCAC4 suggests d > 16 pc. Gaia-DR2: 32.537 +-0.040
2MASS J1328+3545 AB   ;        ;          ;CVn  ;13 28 23.5 +35 45 25 ;      ;       ; 112     ; 24    ;             ; 10.97 J c ;   ;LSPM J1328+3545W + LSPM J1328+3545E, GDR2 Pi= 36.364 +-0.071
UPM 2140+4234 AB      ;        ;          ;Cyg  ;21 40 22.6 +42 34 20 ;      ;       ; 112     ; 12    ;             ; 13.54 V   ;   ;GDR2 Pi= 2.83 +-0.14
EXO 052753-3241.5     ;        ;          ;Col  ;05 29 44.7 -32 39 14 ; 0.02 ; 52.1  ; 111     ; 47    ; M 4.5 V     ; 13.7  V   ;   ;SCR J0529-3239, TSN XXXIII par: 38.19 +- 1.61
UPM 1758-0057 (A)     ;        ;          ;Ser  ;17 58 13.1 -00 57 35 ;      ;       ; 111     ; 19    ;             ; 13.33 V   ;   ;GDR2 Pi= 3.38+-0.13
2MASS J1324+6358 B    ;        ;          ;Dra  ;13 24 35.5 +63 58 28 ;      ;       ; 111     ; 11    ; T 3.5 V     ; 15.60 J c ;   ;Pi= 78.7 +-9.0 (Theissen 2018), other dists larger than 10 pc
2MASS J1324+6358 A    ;        ;          ;Dra  ;13 24 35.5 +63 58 28 ;      ;       ; 111     ; 11    ; L 8   V     ; 15.60 J c ;   ;Pi= 78.7 +-9.0 (Theissen 2018), other dists larger than 10 pc
LP 388-55 A           ;        ;          ;Her  ;17 35 13.0 +26 34 48 ;      ;       ; 110.7   ; 5.8   ; M 7.5 V     ; 19.18 V c ;   ;But par = 66.7 +- 1.4 (Dupuy+, 2012), 70.9 +- 19.3 URAT
LP 388-55 B           ;        ;          ;Her  ;17 35 13.0 +26 34 48 ;      ;       ; 110.7   ; 5.8   ; L 0   V     ; 19.18 V c ;   ;But par = 66.7 +- 1.4 (Dupuy+, 2012), 70.9 +- 19.3 URAT
2MASS J0439-2353      ;        ;          ;Eri  ;04 39 01.0 -23 53 08 ; 0.20 ; 215.7 ; 110.4   ; 4.0   ; L 6.5 V     ; 14.41 J   ;   ;Pi= 80.8 +-2.3 (Gaia DR2)
2MASS J1800-1559      ;        ;          ;Ser  ;18 00 01.2 -15 59 24 ; 0.61 ; 218.1 ; 110     ; 27    ; L 5.5 V     ; 13.43 J   ;   ;GDR2 Pi= 80.90 +-0.34 Very uncertain PM
UPM 1758-0055 (B)     ;        ;          ;Ser  ;17 58 18.0 -00 55 28 ;      ;       ; 110     ; 23    ;             ; 11.73 J   ;   ;GDR2 Pi= 1.218 +- 0.037
L 225-57              ;        ;          ;Hor  ;02 34 21.2 -53 05 37 ; 0.43 ; 141.4 ; 110     ; 20    ; M 4   V     ; 12.56 V   ;   ;GDR2 Pi= 50.09 +-0.76
Barta 161 12 Aab      ;        ;          ;Cet  ;01 35 13.9 -07 12 52 ; 0.12 ; 119.7 ; 110     ; 17    ; M 4.5 V     ; 13.42 V   ;   ;2MASS J0135-0712, 1RXS J0135-0712, pi = 26.4 +- 1.7 (2012ApJ...758...56S), spectroscopic binary
LP 462-29 AB          ;4326    ;          ;Peg  ;23 17 28.2 +19 36 50 ; 0.27 ; 105.0 ; 109.8   ; 2.8   ; M 3   V c   ; 12.1  V c ;   ;Pi= 60.61 +-0.21 (Gaia DR2)
1RXS J2211+4100       ;        ;          ;Lac  ;22 11 24.1 +40 59 59 ; 0.11 ; 307.2 ; 109     ; 21    ; M 5.5 V     ; 15.14 V   ;   ;GDR2 Pi= 78.930 +-0.078
TYC 2187-512-1        ;        ;          ;Peg  ;21 22 06.3 +22 55 53 ;      ;       ; 109     ; 19    ; M 1   V     ; 10.56 V   ;   ;GDR2 Pi= 64.53 +-0.74
2MASS J1951-3510 A    ;        ;          ;Sgr  ;19 51 35.9 -35 10 38 ; 0.37 ; 76.3  ; 108     ; 28    ; M 4   V c   ; 13.63 V   ;   ;GDR2 Pi= 88.200 +-0.083
2MASS J1951-3510 B    ;        ;          ;Sgr  ;19 51 35.9 -35 10 38 ; 0.37 ; 76.3  ; 108     ; 28    ; M 4   V c   ; 14.04 V   ;   ;GDR2 Pi= 88.267 +-0.087
LP 688-3              ;        ;          ;Oph  ;17 34 08.7 -08 49 51 ;      ;       ; 108     ; 22    ; M 5   V     ; 10.91 J   ;   ;GDR2 Pi= 61.920 +-0.081, ST is own, colors compatible with a mid-M dwarf
NLTT 48178 A          ;        ;          ;Sgr  ;19 44 53.8 -23 37 59 ; 0.36 ; 117.6 ; 108     ; 15    ; M 5.5 V c   ; 14.77 V   ;   ;GDR Pi= 69.09 +-0.59, LP 869-26
NLTT 48178 B          ;        ;          ;Sgr  ;19 44 53.8 -23 37 59 ; 0.36 ; 117.6 ; 108     ; 15    ; M 6   V c   ; 14.91 V   ;   ;GDR Pi= 69.09 +-0.59
SCR J1826-6542        ;        ;          ;Pav  ;18 26 46.8 -65 42 40 ; 0.31 ; 179.0 ; 108     ; 15    ; M 7   V     ; 17.35 V   ;   ;Pi= 66.40 +-0.73 (2017AJ....153...14W)
WISE J1055-7356       ;        ;          ;Car  ;10 55 15.7 -73 56 11 ;      ;       ; 107     ;       ; M 7   V     ; 10.63 J   ;   ;GDR2 Pi= 72.97 +-0.57, Dist derived from Jmag in Schneider+ (2016), ST in the former and (Kirkpatrick+ 2016) and MJ in Mamajek's table for M 7 V dwarfs
2MASS J0758+3247 AB   ;        ;          ;Gem  ;07 58 40.4 +32 47 24 ;      ;       ; 106.9   ; 4.6   ; T 2     c   ; 17.96 J   ;   ;T0 + T3.5, also 93.4 +-4.4
LHS 2005 (Aa)         ;        ;          ;Car  ;08 22 47.5 -57 26 53 ; 0.48 ; 315.3 ; 106     ; 19    ; M 4.5 V     ; 13.25 V c ;   ;GDR2 Pi= 77.488 +-0.072
LHS 2005 (Ab)         ;        ;          ;Car  ;08 22 47.5 -57 26 53 ; 0.48 ; 315.3 ; 106     ; 19    ;>L 0   V     ;           ;   ;Delta_z'= 4.47
LHS 2004 (B)          ;        ;          ;Car  ;08 22 48.0 -57 26 48 ; 0.47 ; 319.5 ; 106     ; 19    ; M 6   V     ; 16.8  B   ;   ;Delta_i'_mag= 1.83
LP 355-32             ;        ;          ;Ari  ;03 10 38.9 +25 40 54 ; 0.19 ; 160.7 ; 105.3   ; 3.8   ; M 3   V     ; 14.19 V   ;   ;GDR2 Pi= 45.409 +-0.075
TYC 3251-1875-1       ;        ;          ;And  ;00 15 39.1 +47 35 22 ; 0.09 ; 256.0 ; 104.9   ; 9.6   ; M 3.5 V     ; 11.12 V   ;   ;GDR2 Pi= 87.06 +-0.13
G 184-31              ;        ;          ;Her  ;18 49 54.5 +18 40 30 ;      ;       ; 104.4   ; 7.2   ; M 5   V     ; 13.62 V   ;   ;GDR2 Pi= 83.883 +-0.072 LSPM J1849+1840
UPM 1758-0104 (C)     ;        ;          ;Ser  ;17 58 15.9 -01 04 45 ;      ;       ; 104     ; 22    ;             ; 13.86 V   ;   ;GDR2 Pi= 0.506 +-0.029
UPM 1214-0145         ;        ;          ;Vir  ;12 14 48.9 -01 45 50 ;      ;       ; 104     ; 18    ;             ; 12.92 V   ;   ;GDR2 Pi= 1.999 +-0.033
APMPM J0237-5928      ;        ;          ;Hor  ;02 36 32.4 -59 28 06 ; 0.76 ; 48.2  ; 103.7   ; 1.1   ; M 5   V     ; 14.47 V   ;   ;GDR2 Pi= 99.329 +-0.054
UPM 1758-0058 (D)     ;        ;          ;Ser  ;17 58 11.1 -00 58 19 ;      ;       ; 103     ; 18    ;             ; 13.49 V   ;   ;GDR2 pi= 0.588 +-0.041
UPM 0034+5433 AB      ;        ;          ;Cas  ;00 34 58.2 +54 33 13 ;      ;       ; 103     ; 14    ;             ; 14.37 V   ;   ;GDR2 pi= 1.017 +-0.030
LP 809-20             ;        ;          ;Sgr  ;18 15 12.4 -19 24 07 ; 0.41 ; 163.2 ; 102     ; 21    ; M 3   V     ; 11.02 V   ;   ;GDR2 Pi= 68.498 +-0.054
UPM 0038+5142 AB      ;        ;          ;Cas  ;00 38 33.3 +51 42 49 ;      ;       ; 102     ; 20    ;             ; 14.63 V   ;   ;GDR2 Pi= 0.756 +-0.044
G 154-43              ;        ;          ;Sgr  ;18 03 36.1 -18 58 51 ; 0.34 ; 151.6 ; 102     ; 16    ; M 5   V     ; 14.89 V   ;   ;GDR2 Pi= 76.20 +-0.79
Wolf 230              ;3333    ;          ;Tau  ;05 07 49.2 +17 58 58 ;      ;       ; 101.8   ; 6.0   ; M 3   V     ; 11.81 V   ;   ;GDR2 Pi= 86.10 +-0.31, G 97-20
2MASS J2000+3057      ;        ;          ;Cyg  ;20 00 05.7 +30 57 30 ;      ;       ; 101.2   ; 6.2   ; M 5.5 V     ; 15.60 V   ;   ;GDR2 Pi= 85.815 +-0.078, LSPM J2000+3057, LSR J2000+3057
LSPM J0330+5413       ;        ;          ;Cam  ;03 30 48.9 +54 13 55 ; 0.15 ; 268.1 ; 101.2   ; 1.2   ; M 5   V     ; 16.2  V   ;   ;GDR2 Pi= 95.29 +-0.085
LSPM J0510+2714       ;        ;          ;Tau  ;05 10 20.1 +27 14 03 ; 0.67 ; 198.8 ; 101.0   ; 1.5   ; M 8   V     ; 17.29 V   ;   ;Companion? LSPM 0510+2712 is located 1.5' away
SCR J1746-3214        ;        ;          ;Sco  ;17 46 40.7 -32 14 04 ; 0.24 ; 62.2  ; 101     ; 34    ; M 6   V     ; 16.15 V   ;   ;GDR2 Pi= 82.92 +-0.154
LHS 1302              ;3119    ;          ;Cet  ;01 51 04.2 -06 07 11 ; 0.58 ; 113.5 ; 100.8   ; 1.9   ; M 5   V     ; 14.6  V   ;   ;GDR2 Pi= 94.495 +-0.097
UPC 83778             ;        ;          ;Cas  ;00 15 16.7 +52 40 36 ;      ;       ; 100.6   ; 8.4   ;             ; 13.82 V   ;   ;Wrong colors for a early-M to mid-M dwarf: colors suggest a early to mid-K dwarf instead
LP 647-13             ;        ;          ;Cet  ;01 09 51.2 -03 43 26 ; 0.36 ; 87.1  ; 100.5   ; 1.5   ; M 9   V     ; 19.27 V   ;   ;GDR2 Pi= 94.40 +-0.32
LHS 1358              ;3142    ;          ;Cet  ;02 12 54.6 +00 00 17 ; 0.55 ; 87.0  ; 100.0   ; 4.9   ; M 4   V     ; 13.62 V   ;   ;GDR2 Pi= 65.446 +-0.066
2MASS J0251+2227      ;        ;          ;Ari  ;02 51 54.1 +22 27 30 ; 0.15 ; 134.5 ; 100     ; 43    ; M 4   V     ; 13.28 V   ;   ;GDR2 Pi= 36.924 +-0.074
L 108-87              ;        ;          ;TrA  ;15 30 52.0 -68 01 18 ; 0.20 ; 174.1 ; 100     ; 43    ; M 4   V     ; 13.54 V   ;   ;GDR2 Pi= 46.78 +-0.46
LSPM J1935+3746       ;        ;          ;Cyg  ;19 35 29.2 +37 46 08 ; 0.17 ; 233.5 ; 100     ; 24    ; M 3.5 V     ; 11.78 V   ;   ;GDR2 Pi= 69.465 +-0.059
2MASS J0447+2038      ;        ;          ;Tau  ;04 47 12.2 +20 38 11 ; 0.12 ; 138.9 ;  99.7   ; 7.7   ; M 4.5 V     ; 15.13 V   ;   ;GDR2 Pi= 42.994 +-0.078, Variable
Wolf 1561 Ba          ;852 B   ;          ;Aqr  ;22 17 18.8 -08 48 13 ; 0.54 ; 239.1 ;  99.6   ; 3.3   ; M 5   V     ; 14.57 V   ;   ;Pi= 89.802 +-0.091 (Gaia DR2)
Wolf 1561 A           ;852 A   ;FG Aqr    ;Aqr  ;22 17 18.8 -08 48 13 ; 0.54 ; 239.1 ;  99.6   ; 3.3   ; M 4   V     ; 13.33 V   ;   ;Pi= 89.802 +-0.091 (Gaia DR2)
Wolf 1561 Bb          ;852 B   ;          ;Aqr  ;22 17 18.8 -08 48 13 ; 0.54 ; 239.1 ;  99.6   ; 3.3   ; M 8.5 V     ; 16.69 V   ;   ;Pi= 89.802 +-0.091 (Gaia DR2)
LHS 2232              ;        ;          ;UMa  ;10 12 34.8 +57 03 50 ;      ;       ;  99.408 ; 0.098 ; M 3.5 V     ; 11.73 V   ;   ;
HD 10780              ;75      ;V987 Cas  ;Cas  ;01 47 44.5 +63 51 08 ; 0.64 ; 112.8 ;  99.36  ; 0.51  ; K 0   V     ; 5.63  V   ;   ;Pi= 99.575 +-0.060 (Gaia DR2)
HD 122064             ;        ;          ;UMa  ;13 57 32.1 +61 29 34 ; 0.22 ; 351.5 ;  99.36  ; 0.32  ; K 3   V     ; 6.52  V   ;   ;Pi= 99.228 +-0.023 (Gaia DR2)
HD 223889             ;        ;          ;Oct  ;23 53 50.1 -75 37 57 ; 0.45 ; 147.3 ;  99.28  ; 0.53  ; M 2.5 V     ; 10.02 V   ;   ;Pi= 98.863 +-0.028 (Gaia DR2)
SCR 1245-5506         ;        ;          ;Cen  ;12 45 52.5 -55 06 50 ;      ;       ;  99.2   ; 1.4   ; M 4.5 V     ; 13.66 V   ;   ;ST is own, it's colors and MV are all compatible with a M 4.5 V dwarf
WISE J1318-1758       ;        ;          ;Vir  ;13 18 34.0 -17 58 26 ; 0.58 ; 317.7 ;  99     ; 32    ; T 9   V     ; 18.43 J   ;   ;Kirkpatrick18: 57.8 +-2.7
GD 806                ;3079    ;          ;Cet  ;01 12 28.1 -01 51 26 ; 0.05 ; 180.0 ;  99     ; 11    ; DA          ; 14.09 V   ;   ;GDR2 Pi= 0.938 +-0.030
LHS 2395              ;        ;          ;UMa  ;11 19 30.6 +46 41 44 ; 0.68 ; 153.5 ;  98.8   ; 2.0   ; M 5   V     ; 15.86 V   ;   ;LSPM J1119+4641
LHS 1050              ;12      ;          ;Psc  ;00 15 48.9 +13 33 20 ; 0.70 ; 62.7  ;  98.7   ; 3.8   ; M 3   V     ; 12.54 V   ;   ;
2MASS J1047+2124      ;        ;          ;Leo  ;10 47 53.8 +21 24 24 ; 1.78 ; 254.1 ;  98.7   ; 3.3   ; T 6.5 V     ; 15.82 J   ;   ;also Pi= 94.7 +-3.8
Wolf 751 B?           ;678.1 B ;          ;Oph  ;17 30 22.0 +05 33 06 ; 0.02 ; 339.1 ;  98.64  ; 0.30  ; M 5   V     ; 14.94 V   ;   ;Optical? parallax is probably wrong
Wolf 751 A            ;678.1 A ;          ;Oph  ;17 30 22.4 +05 32 56 ; 0.26 ; 174.4 ;  98.64  ; 0.30  ; M 1   V     ; 9.32  V   ;   ;B is probably optical
Ross 41               ;203     ;          ;Ori  ;05 28 00.3 +09 38 36 ; 0.78 ; 195.1 ;  98.6   ; 1.6   ; M 3.5 V     ; 12.44 V   ;   ;
LHS 3092              ;590     ;          ;Lup  ;15 36 34.5 -37 54 22 ;      ;       ;  98.55  ; 0.53  ; M 4   V     ; 12.72 V   ;   ;
CP-69 177 A           ;127.1   ;          ;Hyi  ;03 10 31.0 -68 36 03 ; 0.11 ; 158.1 ;  98.4   ; 1.5   ; DA 3        ; 11.39 V   ;   ;B is Probably Optical
G 234-53              ;3526    ;          ;UMa  ;09 02 52.9 +68 03 46 ; 0.39 ; 29.9  ;  98.3   ; 7.0   ; M 4   V     ; 12.65 V   ;   ;GDR2 Pi= 81.396 +-0.056
LHS 472 B             ;        ;          ;Aql  ;19 12 14.4 +02 53 17 ; 1.80 ; 105.8 ;  98.27  ; 0.36  ; M 4.5 V     ; 13.11 V   ;   ;
LHS 472 A             ;748     ;          ;Aql  ;19 12 14.4 +02 53 17 ; 1.80 ; 105.8 ;  98.27  ; 0.36  ; M 4   V c   ; 11.29 V   ;   ;
HD 103932             ;453     ;          ;Hya  ;11 57 56.2 -27 42 25 ; 1.25 ; 240.1 ;  98.23  ; 0.45  ; K 4   V     ; 6.96  V   ;   ;
Alpha Mensae B        ;        ;          ;Men  ;06 10 14.6 -74 45 11 ; 0.25 ; 149.6 ;  98.06  ; 0.14  ; M 5   V     ; 8.43  Ks  ;   ;Reported in 2007A&A...474..273E
Alpha Mensae A        ;231     ;          ;Men  ;06 10 14.6 -74 45 11 ; 0.25 ; 149.6 ;  98.06  ; 0.14  ; G 7   V     ; 5.09  V   ;   ;
SDSS J0857+5708       ;        ;          ;UMa  ;08 57 58.5 +57 08 51 ;      ;       ;  98.0   ; 2.6   ; L 7   V     ; 15.04 J   ;   ;Pi= 81 +-11 (Theissen), 71.2 +-4.7 (Gaia DR2)
G 272-10              ;        ;          ;Cet  ;01 23 18.0 -12 56 23 ; 0.34 ; 357.9 ;  98     ; 14    ; M 4   V     ; 12.8  V   ;   ;L 797-23, three souces w dists larger than 16 pc, GDR2 Pi= 63.648 +-0.050
LTT 3896              ;        ;          ;Hya  ;10 37 45.3 -27 46 39 ; 0.34 ; 318.0 ;  98     ; 13    ; M 5   V     ; 13.39 V   ;   ;GDR2 Pi= 64.654 +-0.080
BD-5 1737             ;        ;          ;Mon  ;06 40 14.0 -05 52 23 ; 0.59 ; 170.5 ;  98     ; 10    ; M 1   V     ; 10.24 V   ;   ;GDR2 Pi= 84.722 +-0.047, SCR J0640-0552
LSPM J0419+4233       ;        ;          ;Per  ;04 19 52.1 +42 33 31 ; 1.54 ; 159.3 ;  97.95  ; 0.19  ; M 8.5 V     ; 18.97 V   ;   ;
UPC 52540             ;        ;          ;Per  ;04 25 08.1 +36 40 50 ;      ;       ;  97.9   ; 9.0   ;             ; 15.71 V   ;   ;Wrong colors for a mid-M dwarf: colors suggest late-K to early-M dwarf instead
LHS 476               ;1235    ;          ;Vul  ;19 21 38.6 +20 52 01 ; 1.75 ; 212.6 ;  97.8   ; 1.9   ; M 4   V     ; 13.42 V   ;   ;
LHS 262               ;339.1   ;          ;UMa  ;09 15 56.2 +53 25 25 ; 1.56 ; 224.0 ;  97.7   ; 1.6   ; DC 7        ; 13.79 V   ;   ;
LHS 5341              ;        ;          ;Tel  ;18 43 07.0 -54 36 48 ; 0.55 ; 196.4 ;  97.661 ; 0.064 ; M 4   V     ; 13.0  V   ;   ;
LHS 2794              ;3804    ;          ;Vir  ;13 45 51.1 -17 58 03 ; 0.62 ; 210.2 ;  97.6   ; 4.9   ; M 3.5 V     ; 11.81 V   ;   ;
NLTT 14748            ;        ;          ;Cam  ;05 16 53.5 +56 40 20 ; 0.44 ; 161.7 ;  97.5   ; 6.7   ; M 7   V     ; 17.55 V   ;   ;GDR2 Pi= 68.83 +-0.11, V-J= 6.29
LHS 2997 A            ;568 A   ;          ;Boo  ;14 53 51.4 +23 33 21 ; 0.72 ; 278.5 ;  97.4   ; 3.3   ; M 3.5 V     ; 11.53 V   ;   ;Ross 52
LHS 2997 B            ;568 B   ;          ;Boo  ;14 53 51.4 +23 33 21 ; 0.72 ; 278.5 ;  97.4   ; 3.3   ; M 5   V     ; 12.2  V   ;   ;
G 97-15               ;3326    ;          ;Ori  ;05 04 14.8 +11 03 24 ; 0.20 ; 340.8 ;  97.3   ; 2.0   ; M 4   V     ; 13.75 V   ;   ;
2MASS J0559-1404      ;        ;          ;Lep  ;05 59 19.1 -14 04 49 ; 0.66 ; 121.6 ;  97.00  ; 0.42  ; T 4.5 V     ; 25.0  V   ;   ;J= 13.8, Overluminous?
ULAS J0827-0204       ;        ;          ;Hya  ;08 27 07.7 -02 04 08 ; 0.11 ; 166.2 ;  97     ; 21    ; T 5.5 V     ; 17.19 J   ;   ;Pi= 26.0 +-3.1 (2012ApJ...752...56F)
LHS 3776              ;1265    ;          ;Aqr  ;22 13 42.9 -17 41 09 ; 0.90 ; 109.6 ;  96.98  ; 0.50  ; M 4   V     ; 13.6  V   ;   ;
LHS 1378              ;3147    ;          ;Tri  ;02 17 09.9 +35 26 33 ; 0.60 ; 113.0 ;  96.92  ; 0.74  ; M 5   V     ; 15.99 V   ;   ;
LHS 2092              ;1119    ;          ;UMa  ;09 00 32.8 +46 35 06 ; 0.71 ; 221.0 ;  96.9   ; 2.7   ; M 4.5 V     ; 13.32 V   ;   ;
G 100-28 A            ;1083 A  ;V780 Tau  ;Tau  ;05 40 25.9 +24 48 09 ; 0.36 ; 163.0 ;  96.9   ; 1.9   ; M 5.5 V     ; 15.17 V   ;   ;
G 100-28 B            ;1083 B  ;          ;Tau  ;05 40 25.9 +24 48 09 ; 0.36 ; 163.0 ;  96.9   ; 1.9   ; M 6   V     ; 16.42 V   ;   ;
HD 17925 A            ;117     ;EP Eri    ;Eri  ;02 52 31.7 -12 46 12 ; 0.44 ; 115.2 ;  96.70  ; 0.39  ; K 1   V     ; 6.05  V   ;   ;Has a 17.5 mag companion. Optical?
LHS 287               ;1134    ;          ;LMi  ;10 41 38.2 +37 36 36 ; 1.50 ; 256.1 ;  96.7   ; 2.3   ; M 5   V     ; 12.98 V   ;   ;
2MASS J0533-4257      ;        ;          ;Pic  ;05 33 28.0 -42 57 20 ; 0.05 ; 337.3 ;  96.63  ; 0.34  ; M 4.5 V     ; 12.56 V   ;   ;                                  
LHS 1446              ;3182    ;          ;Per  ;02 48 36.4 +54 23 22 ; 0.57 ; 227.8 ;  96.6   ; 3.1   ; DAZ 9       ; 15.5  V   ;   ;
Pollux                ;286     ;          ;Gem  ;07 45 19.0 +28 01 34 ; 0.63 ; 265.8 ;  96.54  ; 0.27  ; K 0   IIIb  ; 1.14  V   ; y ;Beta Gem
LSPM J0539+4038       ;        ;          ;Aur  ;05 39 24.7 +40 38 44 ; 1.05 ; 142.0 ;  96.5   ; 3.8   ; M 8   V     ; 17.0  V   ;   ;2MASS J0539+4038
LHS 1134              ;3049    ;          ;Phe  ;00 43 25.7 -41 17 38 ; 0.74 ; 222.5 ;  96.5   ; 1.1   ; M 3   V     ; 13.0  V   ;   ;
BD+25 3173            ;649     ;          ;Her  ;16 58 09.3 +25 44 39 ; 0.53 ; 191.9 ;  96.45  ; 0.34  ; M 2   V     ; 9.66  V   ; y ;
HD 122303             ;536     ;          ;Vir  ;14 01 03.6 -02 39 16 ; 0.99 ; 307.9 ;  96.38  ; 0.48  ; M 1.5 V     ; 9.71  V   ; y ;
2MASS J0908+5032      ;        ;          ;UMa  ;09 08 38.0 +50 32 09 ;      ;       ;  96.22  ; 0.90  ; L 8   V     ; 14.55 J   ;   ;
UPC 55807             ;        ;          ;Per  ;03 49 57.7 +38 18 20 ;      ;       ;  96.1   ; 9.4   ;             ; 15.66 V   ;   ;Wrong colors for a mid-M dwarf: colors suggest a ~K9 dwarf instead
LSPM J2044+1517       ;        ;          ;Del  ;20 44 37.4 +15 17 35 ; 0.34 ; 117.7 ;  96.09  ; 0.10  ; M 8   V     ; 18.4  V   ;   ;
2MASS J2009-0113      ;        ;          ;Aql  ;20 09 18.2 -01 13 38 ; 0.38 ; 186.2 ;  96.0   ; 1.5   ; M 5   V     ; 14.47 V   ;   ;
LP 831-45             ;        ;          ;Eri  ;03 14 18.1 -23 09 30 ; 0.36 ; 61.8  ;  96     ; 36    ; M 3.5 V     ; 12.54 V   ;   ;Three sources with distances between 11 and 14 pc, GDR2 Pi= 62.822 +-0.070
GSC 8894-426          ;        ;          ;Pic  ;06 25 56.1 -60 03 27 ; 0.11 ; 348.0 ;  96     ; 19    ; M 5   V     ; 12.3  V   ;   ;GDR2 Pi= 74.369 +-0.039, 1RXS J062555.6-600325, d= 10.39 +-1.95
LSR J1809-0219        ;        ;          ;Ser  ;18 09 43.7 -02 19 35 ;      ;       ;  96     ; 16    ; M 5   V     ; 10.12 J   ;   ;GDR2 Pi= 61.25 +-0.45, LEP 1809-0219, ST is own, colors compatible to a M 5 V dwarf
G 161-71              ;        ;          ;Hya  ;09 44 54.2 -12 20 54 ;      ;       ;  96     ; 16    ; M 5   V     ; 13.75 V   ;   ;GDR2 Pi= 76.175 +-0.094, WT 1683, 1RXS J0944-1220
Wolf 1457             ;3357    ;          ;Ori  ;05 36 00.1 -07 38 59 ; 0.49 ; 12.4  ;  96     ; 14    ; M 4   V     ; 12.8  V   ;   ;GDR2 Pi= 66.304 +-0.056, LHS 5109
LHS 1481              ;3189    ;          ;Eri  ;02 58 11.6 -12 53 02 ; 0.62 ; 26.5  ;  96     ; 11    ; M 3   VI    ; 12.67 V   ;   ;L 802-6, many sources puts it around 20 pc, GDR2 Pi= 86.82 +-0.12
Ross 145              ;4070    ;          ;Lyr  ;18 41 59.0 +31 49 50 ; 0.30 ; 271.7 ;  96     ; 10    ; M 3   V     ; 11.3  V   ;   ;G 206-40, new HIP par: 87.36 +- 2.66
G 169-29              ;3976    ;          ;Her  ;16 50 57.5 +22 27 07 ; 0.41 ; 3.0   ;  95.98  ; 0.81  ; M 4.5 V     ; 14.11 V   ;   ;
Ross 594              ;170     ;V546 Per  ;Per  ;04 30 25.3 +39 51 00 ; 0.64 ; 154.8 ;  95.9   ; 2.8   ; M 4.5 V     ; 14.29 V   ;   ;
LHS 1935              ;3459    ;          ;Pup  ;07 38 41.0 -21 13 28 ; 0.66 ; 136.7 ;  95.840 ; 0.041 ; M 3   V     ; 11.71 V   ;   ;
LHS 3438              ;1232    ;          ;Sge  ;19 09 51.0 +17 40 07 ; 0.77 ; 236.2 ;  95.7   ; 1.9   ; M 4.5 V     ; 13.55 V   ;   ;
HD 115953 A           ;508 A   ;          ;CVn  ;13 19 45.7 +47 46 41 ; 0.09 ; 97.9  ;  95.6   ; 1.4   ; M 0.5 V     ; 8.64  V   ;   ;
HD 115953 B           ;508 B   ;          ;CVn  ;13 19 45.7 +47 46 41 ; 0.09 ; 97.9  ;  95.6   ; 1.4   ; M 1   V     ; 10.15 V   ;   ;
LHS 3457              ;1236    ;          ;Aql  ;19 22 02.1 +07 02 31 ; 0.87 ; 239.5 ;  95.55  ; 0.87  ; M 3   V     ; 12.32 V   ;   ;
SCR J0838-5855 AB     ;        ;          ;Car  ;08 38 02.2 -58 55 59 ; 0.32 ; 189.0 ;  95.55  ; 0.75  ; M 6   V c   ; 17.19 J   ;   ;
LHS 532               ;1277    ;          ;Tuc  ;22 56 28.0 -60 03 02 ; 1.06 ; 209.0 ;  95.45  ; 0.76  ; M 4.5 V     ; 14.01 V   ;   ;
LP 775-31 Aab         ;        ;          ;Eri  ;04 35 16.1 -16 06 58 ; 0.35 ; 27.9  ;  95.41  ; 0.91  ; M 7   V c   ; 18.23 V   ;   ;SIPS J0435-1607
LP 775-31 B           ;        ;          ;Eri  ;04 35 16.1 -16 06 58 ; 0.35 ; 27.9  ;  95.41  ; 0.91  ; M 7.5 V     ; 18.73 V   ;   ;SpT from MV    
LP 692-15             ;754.1 B ;          ;Aql  ;19 20 33.5 -07 39 44 ; 0.17 ; 200.6 ;  95.22  ; 0.46  ; M 2.5 V     ; 12.12 V   ;   ;
LP 692-16             ;754.1 A ;          ;Aql  ;19 20 35.1 -07 40 06 ; 0.17 ; 199.0 ;  95.22  ; 0.46  ; DBQA 5      ; 12.29 V   ;   ;D is optical, C can be optical too
G 41-8                ;        ;          ;Cnc  ;08 56 19.6 +12 39 50 ;      ;       ;  95.2   ; 6.5   ; M 6   V     ; 14.48 V   ;   ;GDR2 Pi= 85.553 +-0.066 LSPM J0856+1239, NLTT 20558
LHS 5156              ;        ;          ;Car  ;09 42 49.6 -63 37 56 ; 0.49 ; 87.6  ;  95.2   ; 1.2   ; M 4.5 V     ; 13.3  V   ;   ;
Wolf 44               ;47      ;          ;Cas  ;01 01 20.1 +61 21 56 ; 0.90 ; 155.8 ;  95.090 ; 0.037 ; M 2   V     ; 10.87 V   ;   ;
Wolf 636 (B)          ;654     ;          ;Oph  ;17 05 13.8 -05 05 39 ; 1.46 ; 219.2 ;  95.06  ; 0.27  ; M 3.5 V     ; 10.07 V   ;   ;
Wolf 635 (A)          ;653     ;          ;Oph  ;17 05 03.4 -05 03 59 ; 1.46 ; 218.9 ;  95.06  ; 0.27  ; K 5   V     ; 7.71  V   ;   ;
CE 102                ;        ;          ;Ant  ;09 45 58.4 -32 53 30 ; 0.35 ; 294.9 ;  95     ; 25    ; M 4.5 V     ; 14.29 V   ;   ;GDR2 Pi= 83.23 +-0.086
1RXS J0122+2209 A     ;        ;          ;Psc  ;01 22 10.3 +22 09 03 ; 0.28 ; 122.8 ;  95     ; 15    ; M 4   V c   ; 13.0  V c ;   ;G 34-23, M= 10.46I, Pi = 87.6 +-8.5 (2016AJ....151..160F)
1RXS J0122+2209 B     ;        ;          ;Psc  ;01 22 10.3 +22 09 03 ; 0.28 ; 122.8 ;  95     ; 15    ; M 4   V c   ; 13.0  V c ;   ;G 34-23, M= 11.32I, Pi = 87.6 +-8.5 (2016AJ....151..160F)
L 327-121             ;        ;          ;Cen  ;12 33 33.1 -48 26 11 ; 0.48 ; 266.0 ;  95     ; 14    ; M 3.5 V     ; 12.05 V   ;   ;GDR2 Pi= 48.09 +-0.78
WISE J1741-4642       ;        ;          ;Ara  ;17 41 02.8 -46 42 26 ; 0.34 ; 183.4 ;  95     ; 14    ; L 7   V     ; 15.79 J   ;   ;J too faint for an L7V object with pi > 90 mas
LHS 2128              ;341     ;          ;Car  ;09 21 37.5 -60 16 53 ; 0.88 ; 282.6 ;  94.99  ; 0.34  ; M 0   V     ; 9.46  V   ;   ;
BD+63 869             ;373     ;          ;UMa  ;09 56 08.6 +62 47 16 ; 0.66 ; 207.3 ;  94.940 ; 0.039 ; M 0   V     ; 8.99  V   ;   ;
Wolf 124              ;87      ;          ;Cet  ;02 12 21.0 +03 34 32 ; 2.56 ; 223.5 ;  94.87  ; 0.38  ; M 1.5 V     ; 10.03 V   ;   ;
Iota Persei           ;124     ;          ;Per  ;03 09 04.0 +49 36 48 ; 1.27 ; 94.1  ;  94.86  ; 0.23  ; F 9.5 V     ; 4.05  V   ;   ;
Wolf 1430             ;846     ;          ;Aqr  ;22 02 10.5 +01 23 59 ; 0.53 ; 241.0 ;  94.85  ; 0.60  ; M 0   V     ; 9.15  V   ;   ;
L 98-59               ;        ;          ;Vol  ;08 18 07.7 -68 18 47 ;      ;       ;  94.78  ; 0.92  ; M 3   V     ; 11.68 V   ;   ;NLT 19357
LHS 543               ;4333    ;          ;Peg  ;23 21 37.4 +17 17 25 ; 1.48 ; 201.1 ;  94.649 ; 0.091 ; M 4   V     ; 11.71 V   ;   ;
LHS 5303              ;        ;          ;Sco  ;15 52 44.6 -26 23 13 ; 0.59 ; 150.9 ;  94.64  ; 0.48  ; M 6   V     ; 16.46 V   ;   ;
2MASS J0050-3322      ;        ;          ;Scl  ;00 50 19.9 -33 22 40 ; 1.50 ; 53.1  ;  94.6   ; 2.4   ; T 7   V     ; 15.93 J   ;   ;
LHS 3006              ;1187    ;          ;Dra  ;14 57 53.7 +56 39 24 ; 0.70 ; 157.3 ;  94.4   ; 3.4   ; M 5.5 V     ; 15.52 V   ;   ;GDR2 Pi= 87.219 +-0.059  
BD+10 1032 A          ;228     ;          ;Ori  ;06 10 54.8 +10 19 05 ; 0.93 ; 176.1 ;  94.4   ; 2.6   ; M 2.5 V c   ; 10.66 V   ;   ;
BD+10 1032 B          ;        ;          ;Ori  ;06 10 54.8 +10 19 05 ; 0.93 ; 176.1 ;  94.4   ; 2.6   ; M 2.5 V c   ; 12.16 V   ;   ;
BD+10 1032 B          ;        ;          ;Ori  ;06 10 54.8 +10 19 05 ; 0.93 ; 176.1 ;  94.4   ; 2.6   ; M 3.5 V     ; 7.77  Ks  ;   ;Delta_Ks = 1.50, sep = 0.58 sec, Mass = 0.22 (Ward-Duong+, 2015), ST derived from mass (using RECONS)
LHS 3583              ;4154    ;          ;Oct  ;20 46 37.3 -81 43 14 ; 0.86 ; 132.2 ;  94.4   ; 2.4   ; M 2.5 V     ; 11.5  V   ;   ;
LSR J0602+3910        ;        ;          ;Aur  ;06 02 30.5 +39 10 59 ; 0.53 ; 164.1 ;  94.1   ; 2.4   ; L 1   V     ; 20.88 V   ;   ;GDR2 Pi= 85.61 +-0.17
LP 848-50 AB          ;        ;          ;Hya  ;10 42 41.4 -24 16 05 ; 0.28 ; 60.9  ;  94.1   ; 1.3   ; M 6   V c   ; 16.51 J   ;   ;
G 185-37 A            ;        ;          ;Vul  ;19 45 45.1 +27 06 10 ; 1.23 ; 181.0 ;  94.014 ; 0.080 ; M 4   V     ; 12.91 V   ;   ;
G 107-48              ;3426    ;          ;Lyn  ;07 07 37.8 +48 41 14 ; 0.31 ; 185.0 ;  94.002 ; 0.058 ; M 3.5 V     ; 12.08 V   ;   ;
WISE J0146+4234 B     ;        ;          ;And  ;01 46 56.7 +42 34 10 ; 0.44 ; 266.6 ;  94     ; 14    ; Y 0   V     ; 22.05 J   ;   ;Kirkpatrick18: 52.5 +-2.3
WISE J0146+4234 A     ;        ;          ;And  ;01 46 56.7 +42 34 10 ; 0.44 ; 266.6 ;  94     ; 14    ; T 9   V     ; 21.06 J   ;   ;Kirkpatrick18: 52.5 +-2.3
SCR J0631-8811        ;        ;          ;Oct  ;06 31 31.0 -88 11 37 ; 0.52 ; 349.9 ;  94     ; 14    ; M 5   V     ; 15.65 V   ;   ;Pi= 63.3 +-2.1 (2017AJ....153...14W)
LHS 2613              ;        ;          ;CVn  ;12 42 50.0 +41 53 47 ; 0.54 ; 273.6 ;  94     ; 11    ; M 4   V     ; 12.31 V   ;   ;GDR2 Pi= 69.896 +-0.069
G 185-37 B            ;        ;          ;Vul  ;19 45 45.1 +27 06 10 ;      ;       ;  93.948 ; 0.076 ;             ;           ;   ;
SCR J0821-6703        ;        ;          ;Vol  ;08 21 26.7 -67 03 20 ; 0.76 ; 329.5 ;  93.9   ; 1.0   ; DA 9        ; 15.34 V   ;   ;
HD 111631             ;488     ;          ;Vir  ;12 50 43.6 -00 46 05 ; 0.40 ; 184.3 ;  93.87  ; 0.43  ; M 0   V     ; 8.49  V   ;   ;
WISE J0943+3607       ;        ;          ;LMi  ;09 43 06.0 +36 07 24 ; 1.00 ; 90.0  ;  93.8   ; 2.8   ; T 9.5 V     ; 19.77 J   ;   ;D= 9.4 +-2.8, PM is very uncertain
2MASS J0243-2453      ;        ;          ;For  ;02 43 13.7 -24 53 30 ; 0.36 ; 234.2 ;  93.6   ; 3.6   ; T 6   V     ; 15.38 J   ;   ;
Zeta Herculis A       ;635     ;          ;Her  ;16 41 17.5 +31 36 07 ; 0.57 ; 306.6 ;  93.52  ; 0.46  ; G 0   IV    ; 2.88  V   ;   ;
Zeta Herculis B       ;635     ;          ;Her  ;16 41 17.6 +31 36 07 ; 0.57 ; 306.6 ;  93.52  ; 0.46  ; G 7   V     ; 5.4   V   ;   ;
2MASS J0825+2115      ;        ;          ;Cnc  ;08 25 19.7 +21 15 52 ; 0.75 ; 251.0 ;  93.51  ; 0.49  ; L 7.5 V     ; 22.50 V   ;   ;J= 15.1
TVLM 513-46546        ;        ;          ;Boo  ;15 01 08.2 +22 50 02 ; 0.08 ; 223.0 ;  93.37  ; 0.20  ; M 8.5 V     ; 19.87 V   ; y?;
HD 147379 A           ;617 A   ;          ;Dra  ;16 16 42.7 +67 14 18 ; 0.51 ; 280.3 ;  93.28  ; 0.19  ; M 1   V     ; 8.6   V   ; y?;
HD 147379 B           ;617 B   ;EW Dra    ;Dra  ;16 16 44.5 +67 15 23 ; 0.52 ; 278.6 ;  93.28  ; 0.19  ; M 3   V     ; 10.69 V   ;   ;
DENIS J1454-6604      ;        ;          ;Cir  ;14 54 08.0 -66 04 48 ; 0.65 ; 125.6 ;  93.22  ; 0.30  ; L 3.5 V     ; 16.9  I   ;   ;
2MASS J1217-0311 A    ;        ;          ;Vir  ;12 17 11.1 -03 11 13 ; 1.06 ; 274.1 ;  93.2   ; 2.1   ; T 7   V     ; 16.83 K   ;   ;J= 15.86
2MASS J1217-0311 B    ;        ;          ;Vir  ;12 17 11.1 -03 11 13 ; 1.06 ; 274.1 ;  93.2   ; 2.1   ; T 7.5 V     ; 19.08 K   ;   ;
Ross 868 (A)          ;669     ;V647 Her  ;Her  ;17 19 54.2 +26 30 03 ; 0.42 ; 328.1 ;  93.03  ; 0.47  ; M 4   V     ; 11.29 V   ;   ;
Ross 867 (B)          ;669     ;V639 Her  ;Her  ;17 19 53.0 +26 30 03 ; 0.42 ; 328.5 ;  93.03  ; 0.47  ; M 5   V     ; 13.02 V   ;   ;
G 203-21              ;        ;          ;Her  ;16 42 15.0 +41 59 43 ; 0.30 ; 204.5 ;  93.0   ; 7.0   ; M 5   V     ; 15.18 V   ;   ;GDR2 Pi= 26.61 +-0.11
LP 685-36             ;        ;          ;Oph  ;16 36 06.0 -04 40 13 ;      ;       ;  93     ; 21    ; M 5   V     ; 15.99 V   ;   ;GDR2 Pi= 29.70 +-0.12, ST is own, colors compatible with a M 5 V dwarf
Ross 845              ;540.2   ;GQ Vir    ;Vir  ;14 13 04.9 -12 01 27 ; 0.72 ; 238.3 ;  93     ; 18    ; M 4.5 V     ; 13.89 V   ;   ;GDR2 Pi= 31.783 +-0.081, LHS 2880
CD-23 9765            ;413.1   ;          ;Crt  ;11 09 31.3 -24 35 55 ; 0.91 ; 240.7 ;  92.95  ; 0.62  ; M 2   V     ; 10.45 V   ;   ;
LHS 2423              ;431     ;V857 Cen  ;Cen  ;11 31 46.5 -41 02 47 ; 0.73 ; 283.5 ;  92.87  ; 0.57  ; M 3.5 V     ; 11.54 V   ;   ;
LHS 2836              ;3820    ;          ;Vir  ;13 59 10.6 -19 50 06 ; 0.58 ; 251.5 ;  92.86  ; 0.89  ; M 4.5 V     ; 13.0  V   ;   ;
2MASS J1214-2345      ;        ;          ;Crv  ;12 14 08.7 -23 45 17 ; 0.09 ; 24.6  ;  92.795 ; 0.083 ; M 4.5 V     ; 13.92 V   ;   ;SCR J1214-2345
Delta Trianguli       ;92      ;          ;Tri  ;02 17 03.2 +34 13 27 ; 1.18 ; 102.1 ;  92.77  ; 0.39  ; G 0   V     ; 4.87  V   ;   ;
HD 13445 A            ;86      ;          ;Eri  ;02 10 25.9 -50 49 25 ; 2.19 ; 72.7  ;  92.74  ; 0.32  ; K 0   V     ; 6.17  V   ; y ;13 G. Eri
HD 13445 B            ;        ;          ;Eri  ;02 10 26.1 -50 49 25 ; 2.19 ; 72.6  ;  92.74  ; 0.32  ; DA 0        ; 14.7  J   ;   ;
LHS 457               ;1223    ;          ;Her  ;18 02 46.2 +37 31 05 ; 1.15 ; 171.3 ;  92.7   ; 3.0   ; M 5   V     ; 14.89 V   ;   ;GDR2 Pi= 81.880 +-0.059
WISE J2354+0240       ;        ;          ;Psc  ;23 54 02.8 +02 40 14 ; 2.40 ; 167.0 ;  92.6   ; 2.7   ; Y 1   V     ; 23.07 J   ;   ;Parallax is spectroscopic, pm is very uncertain
Ross 145              ;4070    ;          ;Lyr  ;18 41 59.0 +31 49 50 ;      ;       ;  92.588 ; 0.033 ; M 2   V     ; 13.12 V   ; y?;
LP 847-48             ;        ;          ;Ant  ;09 55 23.9 -27 15 41 ;      ;       ;  92.57  ; 0.45  ; M 3   V     ; 12.08 V   ;   ;
SCR J0838-5855        ;        ;          ;Car  ;08 38 02.2 -58 55 58 ;      ;       ;  92.55  ; 0.75  ; M 6   V     ; 17.15 V   ;   ;
2MASS J2228-4310      ;        ;          ;Gru  ;22 28 28.9 -43 10 26 ; 0.31 ; 170.3 ;  92.4   ; 2.4   ; T 6.5 V     ; 15.66 J   ;   ;Near 2MASS J2228-4309, another HPM star
LP 852-7              ;        ;          ;Crv  ;12 05 26.7 -23 33 13 ; 0.25 ; 16.6  ;  92.37  ; 0.91  ; DA 5.7      ; 12.9  V   ;   ;
LHS 221 B             ;        ;          ;Lyn  ;06 54 04.2 +60 52 18 ; 1.11 ; 153.4 ;  92.36  ; 0.50  ; M 4   V     ; 12.65 V   ;   ;
LHS 221 A             ;3412    ;          ;Lyn  ;06 54 04.2 +60 52 18 ; 1.11 ; 153.4 ;  92.36  ; 0.50  ; M 3   V     ; 11.21 V   ;   ;
WISE J2102-4429       ;        ;          ;Mic  ;21 02 00.1 -44 29 20 ; 0.36 ; 173.3 ;  92.3   ; 1.9   ; T 9   V     ; 18.24 J   ;   ;
L 34-26               ;        ;          ;Cha  ;07 49 12.7 -76 42 07 ; 0.21 ; 209.4 ;  92.18  ; 0.48  ; M 3   V     ; 11.28 V   ;   ;Rotationally variable star
Wolf 1478             ;553.1   ;          ;Lib  ;14 31 01.2 -12 17 46 ; 0.57 ; 225.2 ;  92.07  ; 0.10  ; M 3.5 V     ; 11.9  V   ; y ;
RX J0202+1034 A       ;        ;          ;Ari  ;02 02 28.1 +10 34 50 ; 0.07 ; 229.2 ;  92     ; 37    ; M 1   V c   ; 12.44 R   ;   ;GDR2 Pi= 70.43 +-0.53, Mag is UCAC Ru, V= 12.24 J
RX J0202+1034 B       ;        ;          ;Ari  ;02 02 28.1 +10 34 50 ; 0.07 ; 229.2 ;  92     ; 37    ; M 1   V c   ; 12.64 R   ;   ;GDR2 Pi= 68.8  +-1.2,  Mag is UCAC Ru
LHS 1038              ;1004    ;          ;Cas  ;00 12 14.8 +50 25 21 ; 0.71 ; 219.1 ;  91.982 ; 0.029 ; DA 7.6      ; 14.37 V   ;   ;
LHS 462 (A)           ;4048    ;          ;Lyr  ;18 18 04.3 +38 46 34 ; 1.10 ; 198.9 ;  91.9   ; 2.3   ; M 3   V     ; 11.86 V   ;   ;GDR2 Pi= 88.053 +-0.035
LHS 461 (B)           ;4049    ;          ;Lyr  ;18 18 03.5 +38 46 36 ; 1.10 ; 198.9 ;  91.9   ; 2.3   ; M 4   V     ; 13.52 V   ;   ;
LP 229-17             ;4063    ;          ;Lyr  ;18 34 36.4 +40 07 22 ; 0.22 ; 168.0 ;  91.854 ; 0.049 ; M 3.5 V     ; 11.75 V   ; y?;
HR 9038 B             ;        ;          ;Cep  ;23 52 25.3 +75 32 41 ; 0.34 ; 83.1  ;  91.85  ; 0.30  ; M 2   V     ; 11.7  V   ;   ;
HR 9038 A             ;909 AB  ;          ;Cep  ;23 52 25.3 +75 32 41 ; 0.34 ; 83.1  ;  91.85  ; 0.30  ; K 3   V     ; 6.39  V   ;   ;
LHS 523               ;4281    ;          ;Aqr  ;22 28 54.4 -13 25 18 ;      ;       ;  91.77  ; 0.66  ; M 6   V     ; 17.14 V   ;   ;
UPC 33693             ;        ;          ;Ari  ;03 01 47.6 +25 58 03 ;      ;       ;  91.7   ; 9.7   ;             ; 14.75 V   ;   ;Wrong colors for a mid-M dwarf: colors suggest an early K dwarf instead
LP 30-55 A            ;3125    ;          ;Cas  ;02 01 54.3 +73 32 30 ; 0.32 ; 104.0 ;  91.7   ; 4.0   ; M 4.5 V c   ; 14.41 V   ;   ;
LP 30-55 B            ;        ;          ;Cas  ;02 01 54.3 +73 32 30 ; 0.32 ; 104.0 ;  91.7   ; 4.0   ; M 4.5 V c   ; 16.01 V   ;   ;
BD+36 2393            ;519     ;          ;CVn  ;13 37 28.8 +35 43 04 ; 0.32 ; 100.4 ;  91.53  ; 0.26  ; K 5   V     ; 9.07  V   ;   ;
Beta Virginis         ;449     ;          ;Vir  ;11 50 41.7 +01 45 53 ; 0.79 ; 110.1 ;  91.51  ; 0.22  ; F 9   V     ; 3.60  V   ;   ;
G 141-29              ;4071    ;V816 Her  ;Her  ;18 42 45.0 +13 54 17 ; 0.35 ; 355.9 ;  91.43  ; 0.75  ; M 4.5 V     ; 12.81 V   ;   ;
UPC 71120             ;        ;          ;Per  ;04 23 42.7 +46 01 27 ;      ;       ;  91.4   ; 8.6   ;             ; 15.68 V   ;   ;Wrong colors for a mid-M dwarf: colors suggest a late-K to early-M dwarf instead, GDR2 Pi= 13.856 +-0.075
LHS 273               ;1129    ;          ;Hya  ;09 44 47.3 -18 12 49 ; 1.62 ; 263.9 ;  91.35  ; 0.67  ; M 4   V     ; 12.6  V   ;   ;
LMC 194.6.41          ;        ;          ;Men  ;05 53 26.4 -71 33 50 ; 0.39 ; 1.5   ;  91.3   ; 1.6   ; M 6   V     ; 16.86 V   ;   ;GDR2 Pi= 87.561 +-0.052, 2MASS J0553-7133
2MASS J1534-1418      ;        ;          ;Lib  ;15 34 57.0 -14 18 49 ; 1.00 ; 251.0 ;  91.28  ; 0.49  ; M 7   V     ; 11.38 J   ;   ;
G 239-25 A            ;9492    ;          ;UMi  ;14 42 21.6 +66 03 21 ; 0.30 ; 263.2 ;  91.28  ; 0.29  ; M 1.5 V     ; 10.83 V   ;   ;
G 239-25 B            ;        ;          ;UMi  ;14 42 21.7 +66 03 20 ; 0.30 ; 263.2 ;  91.28  ; 0.29  ; L 0   V     ; 11.44 J   ;   ;
LHS 2924              ;3849    ;          ;Boo  ;14 28 43.2 +33 10 39 ; 0.79 ; 206.0 ;  91.17  ; 0.74  ; M 9   V     ; 19.74 V   ;   ;
LP 851-346            ;        ;          ;Crt  ;11 55 42.9 -22 24 59 ; 0.42 ; 242.2 ;  91.08  ; 0.55  ; M 7.5 V     ; 18.18 V   ;   ;
CD-45 1184            ;145     ;          ;Hor  ;03 32 55.9 -44 42 07 ; 0.34 ; 293.0 ;  91.06  ; 0.29  ; M 2.5 V     ; 11.48 V   ;   ;
G 226-29              ;1206    ;DN Dra    ;Dra  ;16 48 25.6 +59 03 23 ; 0.32 ; 155.1 ;  91.04  ; 0.49  ; DA 4        ; 12.24 V   ;   ;
WISE J2313-8037       ;        ;          ;Oct  ;23 13 36.4 -80 37 00 ; 0.47 ; 149.4 ;  91     ; 30    ; T 8   V     ; 16.97 J   ;   ;Phot dists in range 10.7-20 pc
LSPM J1733+1655       ;        ;V1274 Her ;Her  ;17 33 53.2 +16 55 13 ; 0.17 ; 218.8 ;  91     ; 22    ; M 5   V     ; 14.36 V   ;   ;Pi = 85.40 +- 3.30 (2014ApJ...784..156D)
WISE J1322-2340       ;        ;          ;Hya  ;13 22 33.7 -23 40 17 ; 0.34 ; 297.9 ;  91     ; 20    ; T 8   V     ; 17.21 J   ;   ;Kirkpatrick18: 77.5 +-4.2
Wolf 990              ;4257    ;          ;Peg  ;22 06 46.4 +03 25 04 ;      ;       ;  91     ; 17    ; M 4   V     ; 13.77 V   ;   ;LHS 3760, dist (LSPM) = 18.9pc, 66 +-19 mas (Lepine 2011), GDR2 Pi= 56.654 +-0.091
LSPM J1212+1125       ;        ;          ;Vir  ;12 12 51.5 +11 25 56 ;      ;       ;  91     ; 16    ; M 5   V     ; 11.55 J   ;   ;GDR2 Pi= 34.161 +-0.088, ST is own, colors compatible with a M 5 V dwarf
WISE J1851+5935       ;        ;          ;Dra  ;18 51 01.8 +59 35 04 ; 0.24 ; 325.0 ;  90.9   ; 8.3   ; L 9   V     ; 14.94 J   ;   ;Pi= 48.85 +-0.65 (Gaia DR2)
WISE J0031+5749       ;        ;          ;Cas  ;00 31 09.3 +57 49 36 ; 0.54 ; 85.3  ;  90.9   ; 8.3   ; L 8   V     ; 14.95 J   ;   ;PSO J007.7921+57.8267, also Pi= 84 +-10 (Theissen 2018)
UPC 45210             ;        ;          ;Per  ;03 35 24.5 +33 06 31 ;      ;       ;  90.9   ; 7.5   ; K 3.5 V     ; 14.21 V   ;   ;ST is own, colors consistently compatible with a K3-4 V dwarf, thus being much more remote than it's poor parallax indicates
SCR J0713-0511        ;        ;          ;Mon  ;07 13 11.2 -05 11 49 ;      ;       ;  90.9   ; 1.6   ; M 1.5 V     ; 11.13 V   ;   ;GDR2 Pi= 87.030 +-0.053
Ross 149              ;4065    ;          ;Her  ;18 36 19.2 +13 36 26 ; 0.34 ; 33.1  ;  90.9   ; 1.4   ; M 4   V     ; 12.46 V   ;   ;GDR2 Pi= 83.028 +-0.083
Ross 1003             ;1148    ;          ;UMa  ;11 41 44.6 +42 45 07 ;      ;       ;  90.86  ; 0.41  ; M 4   V     ; 11.96 V   ; y ;
HD 160346             ;688     ;          ;Oph  ;17 39 16.9 +03 33 19 ; 0.20 ; 241.7 ;  90.85  ; 0.67  ; K 2.5 V     ; 6.52  V   ;   ;
Beta Leonis           ;448     ;          ;Leo  ;11 49 03.6 +14 34 19 ; 0.51 ; 257.0 ;  90.84  ; 0.52  ; A 3   V     ; 2.13  V   ;   ;
CD-51 5974            ;438     ;          ;Cen  ;11 43 19.8 -51 50 26 ;      ;       ;  90.76  ; 0.45  ; M 1   V     ; 10.36 V   ;   ;
HD 166620             ;706     ;          ;Her  ;18 09 37.4 +38 27 28 ; 0.57 ; 214.0 ;  90.71  ; 0.30  ; K 2   V     ; 6.40  V   ;   ;
SDSS J1624+0029       ;        ;          ;Oph  ;16 24 14.4 +00 29 16 ; 0.37 ; 268.6 ;  90.68  ; 0.90  ; T 6   V     ; 15.49 J   ;   ;
2MASS J0251-0352      ;        ;          ;Eri  ;02 51 14.9 -03 52 46 ;      ;       ;  90.6   ; 3.0   ; L 2.5 V     ; 21.61 V   ;   ;also 77.5 +-3.4
HD 11507              ;79      ;          ;Cet  ;01 52 49.2 -22 26 05 ; 0.85 ; 90.1  ;  90.48  ; 0.31  ; M 0   V     ; 7.98  V   ;   ;
HD 176029             ;740     ;          ;Ser  ;18 58 00.1 +05 54 29 ; 1.24 ; 189.1 ;  90.43  ; 0.54  ; M 0.5 V     ; 9.22  V   ;   ;
54 Piscium A          ;27      ;          ;Psc  ;00 39 21.8 +21 15 02 ; 0.59 ; 231.3 ;  90.43  ; 0.32  ; K 0   V     ; 5.88  V   ; y ;
54 Piscium B          ;        ;          ;Psc  ;00 39 18.9 +21 15 17 ; 0.59 ; 231.2 ;  90.43  ; 0.32  ; T 7.5 V     ; 16.31 J   ;   ;
CD-56 1032 A          ;2036    ;          ;Dor  ;04 53 31.2 -55 51 37 ; 0.15 ; 60.6  ;  90.32  ; 0.33  ; M 3   V     ; 10.99 V   ;   ;
CD-56 1032 B          ;        ;          ;Dor  ;04 53 30.5 -55 51 32 ; 0.15 ; 60.9  ;  90.32  ; 0.33  ; M 3   V     ; 13.92 V   ;   ;
G 99-37               ;1086    ;          ;Ori  ;05 51 19.5 -00 10 21 ; 0.25 ; 25.7  ;  90.3   ; 2.8   ; DQ 8        ; 14.6  V   ;   ;GDR2 Pi= 89.169 +-0.032
LSPM J0840+3127       ;        ;          ;Cnc  ;08 40 16.0 +31 27 07 ; 0.23 ; 62.0  ;  90.2   ; 1.8   ; M 3   V     ; 12.27 V   ;   ;GDR2 Pi= 89.207 +-0.071
BD-11 916             ;173     ;          ;Eri  ;04 37 41.9 -11 02 20 ; 0.30 ; 229.5 ;  90.2   ; 1.7   ; M 1.5 V     ; 10.33 V   ;   ;GDR2 Pi= 89.171 +-0.031
G 75-35               ;        ;          ;Cet  ;02 41 15.1 -04 32 18 ;      ;       ;  90.1   ; 9.5   ; M 4   V     ; 13.79 V   ;   ;GDR2 Pi= 80.952 +-0.092, NLTT 8687
HD 115404 B           ;505     ;          ;Com  ;13 16 51.5 +17 01 00 ; 0.68 ; 112.4 ;  90.09  ; 0.50  ; M 0.5 V     ; 9.50  V   ;   ;
HD 115404 A           ;505     ;          ;Com  ;13 16 51.0 +17 01 02 ; 0.68 ; 112.5 ;  90.09  ; 0.50  ; K 2   V     ; 6.66  V   ;   ;
HD 75632 A            ;325     ;          ;UMa  ;08 55 24.8 +70 47 39 ; 1.41 ; 254.5 ;  90.0   ; 3.4   ; M 1   V     ; 8.82  V   ;   ;GDR2 Pi= 86.379 +-0.041
HD 75632 B            ;        ;          ;UMa  ;08 55 24.9 +70 47 38 ; 1.37 ; 255.2 ;  90.0   ; 3.4   ; M 1   V     ; 8.94  V   ;   ;
LSR J1524+2925        ;        ;          ;CrB  ;15 24 24.8 +29 25 32 ; 0.63 ; 185.3 ;  90     ; 32    ; M 7.5 V     ; 18.65 V   ;   ;Pi = 78.30 +- 4.40 (2014ApJ...784..156D)
LP 205-44             ;3396    ;          ;Aur  ;06 31 50.7 +41 29 46 ; 0.21 ; 184.3 ;  90     ; 15    ; M 5   V     ; 14.83 V   ;   ;Pi= 35.9 +- 7.3 (Dittman, 2014)
WISENF J1936+0408     ;        ;          ;Aql  ;19 36 56.1 +04 08 01 ;      ;       ;  90     ; 14    ; Y 0   V     ;>19.57 J   ;   ;
LHS 2913              ;3846    ;          ;Boo  ;14 24 56.0 +08 53 15 ; 0.57 ; 73.9  ;  90     ; 12    ; M 2.5 V     ; 12.26 V   ;   ;Pi= 70.03 +- 4.89 (HIP, new Red)
G 218-20              ;3069    ;          ;Cas  ;01 01 59.5 +54 10 58 ; 0.33 ; 250.5 ;  89.935 ; 0.075 ; M 5   V     ; 15.12 V   ;   ;
WISE J0647-6232       ;        ;          ;Pic  ;06 47 23.2 -62 32 36 ; 0.37 ; 0.1   ;  89.9   ; 4.8   ; Y 1   V     ; 22.84 J   ;   ;Mag is in MKO system
Theta Persei B        ;107     ;          ;Per  ;02 44 10.2 +49 13 54 ; 0.35 ; 105.1 ;  89.85  ; 0.22  ; M 1.5 V     ; 9.87  V   ;   ;
Theta Persei A        ;107     ;          ;Per  ;02 44 12.0 +49 13 42 ; 0.35 ; 105.1 ;  89.85  ; 0.22  ; F 8   V     ; 4.11  V   ;   ;
AC+08 42 AB           ;735     ;V1285 Aql ;Aql  ;18 55 27.4 +08 24 09 ;      ;       ;  89.800 ; 0.049 ; M 3   V c   ; 10.19 J   ;   ;EUVE J1855+08.4
HD 74576              ;320     ;          ;Vel  ;08 43 18.0 -38 52 57 ; 0.45 ; 318.5 ;  89.77  ; 0.37  ; K 3   V     ; 6.56  V   ;   ;
LHS 230 (Bab)         ;275.2 B ;          ;Lyn  ;07 30 47.4 +48 10 28 ;      ;       ;  89.70  ; 0.82  ; DA 10   c   ; 14.62 V c ;   ;EGGR 52, composite ST: DA 10.0 + DA 10.1 (arXiv:1711.10778v1)
LHS 229 (A)           ;275.2 A ;          ;Lyn  ;07 30 42.8 +48 12 00 ;      ;       ;  89.70  ; 0.82  ; M 5   VI    ; 13.52 V   ;   ;GDR2 Pi= 88.543 +-0.066, LSPM J0730+4811
WISE J0148-7202       ;        ;          ;Hyi  ;01 48 07.3 -72 02 59 ; 1.27 ; 90.0  ;  89.7   ; 3.3   ; T 9.5 V     ; 18.96 J   ;   ;
SCR 0717-0501         ;        ;          ;Mon  ;07 17 17.1 -05 01 03 ;      ;       ;  89.690 ; 0.079 ; M 4   V     ; 13.22 V   ;   ;2MASS J0717-0501
HD 85512              ;370     ;          ;Vel  ;09 51 07.1 -43 30 10 ; 0.66 ; 135.6 ;  89.67  ; 0.67  ; K 6   V     ; 7.65  V   ; y ;GDR2 Pi= 88.616 +-0.041
Ross 508              ;585     ;          ;Ser  ;15 23 51.1 +17 27 57 ; 1.32 ; 197.1 ;  89.6   ; 2.4   ; M 4.5 V     ; 13.68 V   ;   ;GDR2 Pi= 89.175 +-0.084
2MASS J1645-1319      ;        ;          ;Oph  ;16 45 22.1 -13 19 52 ; 0.88 ; 204.4 ;  89.54  ; 0.37  ; L 1.5 V     ; 20.96 V   ;   ;GDR2 Pi= 88.82 +-0.14
LP 625-34             ;3967    ;          ;Oph  ;16 40 06.0 +00 42 19 ; 0.24 ; 133.1 ;  89.50  ; 0.65  ; M 4   V     ; 13.69 V   ;   ;GDR2 Pi= 88.719 +-0.067
